1,06/15-10-095-06W4/2,SUNCOR SAGD P5S2 FIREBAG 15-10-95-6,1498,SUNCOR ENERGY INC.,OBSERVATION,AB,DEVELOPMENT SERVICE,-110.886605,57.232995,-110.883306,57.222022
2,00/13-06-095-05W4/0,SUNCOR SAGD P3P4 STEEPBK 13-6-95-5,1632,SUNCOR ENERGY INC.,SUSPENDED STEAM ASSIS GRAVITY DRAIN,AB,DEVELOPMENT,-110.814186,57.218002,-110.812933,57.230625
3,W2/05-07-095-05W4/0,SUNCOR SAGD P1S5 FIREBAG 5-7-95-5,1463,SUNCOR ENERGY INC.,STEAM ASSIS GRAVITY DRAIN,AB,DEVELOPMENT,-110.81927,57.226072,-110.823686,57.215873
4,W0/05-07-095-05W4/0,SUNCOR SAGD P1P5 FIREBAG 5-7-95-5,1514,SUNCOR ENERGY INC.,STEAM ASSIS GRAVITY DRAIN,AB,DEVELOPMENT,-110.819343,57.226346,-110.823934,57.215874
5,11/09-01-095-06W4/0,SUNCOR SAGD P8S3 FIREBAG 9-1-95-6,1535,SUNCOR ENERGY INC.,STEAM ASSIS GRAVITY DRAIN,AB,DEVELOPMENT SERVICE,-110.823222,57.214147,-110.844376,57.21535
6,10/09-01-095-06W4/0,SUNCOR SAGD P8S2 FIREBAG 9-1-95-6,1490,SUNCOR ENERGY INC.,STEAM ASSIS GRAVITY DRAIN,AB,DEVELOPMENT SERVICE,-110.823467,57.215336,-110.844375,57.21553
7,08/04-10-095-06W4/0,SUNCOR SAGD P16S4 FIREBAG  4-10-95-6,1325,SUNCOR ENERGY INC.,STEAM ASSIS GRAVITY DRAIN,AB,DEVELOPMENT SERVICE,-110.895121,57.221014,-110.912802,57.219178
8,07/04-10-095-06W4/0,SUNCOR SAGD P16S3 FIREBAG  4-10-95-6,1356,SUNCOR ENERGY INC.,STEAM ASSIS GRAVITY DRAIN,AB,DEVELOPMENT SERVICE,-110.89505,57.221759,-110.912801,57.219357
9,06/16-09-095-06W4/0,SUNCOR SAGD P6S3 FIREBAG 16-9-95-6,1608,SUNCOR ENERGY INC.,STEAM ASSIS GRAVITY DRAIN,AB,DEVELOPMENT SERVICE,-110.901271,57.233688,-110.897833,57.221665
10,06/14-10-095-06W4/0,SUNCOR SAGD P6S9 FIREBAG 14-10-95-6,1603,SUNCOR ENERGY INC.,STEAM ASSIS GRAVITY DRAIN,AB,DEVELOPMENT SERVICE,-110.892519,57.233736,-110.896343,57.222063
11,06/14-06-095-05W4/0,SUNCOR SAGD P3S3 STEEPBK 14-6-95-5,1610,SUNCOR ENERGY INC.,STEAM ASSIS GRAVITY DRAIN,AB,DEVELOPMENT,-110.811562,57.218168,-110.812734,57.230626
12,06/06-12-095-06W4/0,SUNCOR SAGD P2N3 FIREBAG  6-12-95-6,1539,SUNCOR ENERGY INC.,STEAM ASSIS GRAVITY DRAIN,AB,DEVELOPMENT,-110.836545,57.227401,-110.836602,57.215914
13,06/05-12-095-06W4/0,SUNCOR SAGD P2N1 FIREBAG  5-12-95-6,1643,SUNCOR ENERGY INC.,STEAM ASSIS GRAVITY DRAIN,AB,DEVELOPMENT,-110.841853,57.227345,-110.836834,57.215915
14,06/04-10-095-06W4/0,SUNCOR SAGD P16S2 FIREBAG  4-10-95-6,1446,SUNCOR ENERGY INC.,STEAM ASSIS GRAVITY DRAIN,AB,DEVELOPMENT SERVICE,-110.894355,57.222595,-110.912801,57.219537
15,05/16-09-095-06W4/0,SUNCOR SAGD P6S2 FIREBAG 16-9-95-6,1655,SUNCOR ENERGY INC.,STEAM ASSIS GRAVITY DRAIN,AB,DEVELOPMENT SERVICE,-110.902766,57.233648,-110.898164,57.221665
16,05/14-10-095-06W4/0,SUNCOR SAGD P6P9 FIREBAG 14-10-95-6,1613,SUNCOR ENERGY INC.,STEAM ASSIS GRAVITY DRAIN,AB,DEVELOPMENT,-110.892479,57.233682,-110.896508,57.222063
17,05/04-10-095-06W4/0,SUNCOR SAGD P16S1 FIREBAG  4-10-95-6,1456,SUNCOR ENERGY INC.,STEAM ASSIS GRAVITY DRAIN,AB,DEVELOPMENT SERVICE,-110.89521,57.223316,-110.912801,57.219717
18,04/16-10-095-06W4/0,SUNCOR SAGD P5P7 FIREBAG 16-10-95-6,1686,SUNCOR ENERGY INC.,STEAM ASSIS GRAVITY DRAIN,AB,DEVELOPMENT SERVICE,-110.875544,57.233797,-110.880825,57.22202
19,04/16-09-095-06W4/0,SUNCOR SAGD P6P3 FIREBAG 16-9-95-6,1626,SUNCOR ENERGY INC.,STEAM ASSIS GRAVITY DRAIN,AB,DEVELOPMENT,-110.901282,57.233717,-110.897667,57.221665
20,04/14-12-095-06W4/0,SUNCOR SAGD P3S10 STEEPBK 14-12-95-6,1625,SUNCOR ENERGY INC.,STEAM ASSIS GRAVITY DRAIN,AB,DEVELOPMENT,-110.835618,57.234215,-110.813723,57.231704
21,04/14-11-095-06W4/0,SUNCOR SAGD P4S5 FIREBAG 14-11-95-6,1608,SUNCOR ENERGY INC.,STEAM ASSIS GRAVITY DRAIN,AB,DEVELOPMENT,-110.863043,57.233589,-110.86676,57.222117
22,04/14-10-095-06W4/0,SUNCOR SAGD P6S10 FIREBA 14-10-95-6,1649,SUNCOR ENERGY INC.,STEAM ASSIS GRAVITY DRAIN,AB,DEVELOPMENT SERVICE,-110.891007,57.233701,-110.896012,57.222063
23,04/12-03-095-06W4/0,SUNCOR SAGD P16S9 FIREBAG  12-3-95-6,1394,SUNCOR ENERGY INC.,STEAM ASSIS GRAVITY DRAIN,AB,DEVELOPMENT SERVICE,-110.894161,57.216698,-110.912804,57.21828
24,04/04-10-095-06W4/0,SUNCOR SAGD P16P4 FIREBAG  4-10-95-6,1327.5,SUNCOR ENERGY INC.,STEAM ASSIS GRAVITY DRAIN,AB,DEVELOPMENT,-110.895156,57.22101,-110.912801,57.219268
25,04/03-11-095-06W4/2,SUNCOR SAGD P5S10 FIREBAG 3-11-95-6,1391,SUNCOR ENERGY INC.,STEAM ASSIS GRAVITY DRAIN,AB,DEVELOPMENT SERVICE,-110.862205,57.221877,-110.88182,57.221617
26,04/03-02-095-06W4/0,SUNCOR SAGD P4S6 FIREBAG 3-2-95-6,1663,SUNCOR ENERGY INC.,STEAM ASSIS GRAVITY DRAIN,AB,DEVELOPMENT,-110.862476,57.20993,-110.866762,57.22149
27,04/01-10-095-06W4/0,SUNCOR SAGD P6S11 FIREBAG 1-10-95-6,1450,SUNCOR ENERGY INC.,STEAM ASSIS GRAVITY DRAIN,AB,DEVELOPMENT SERVICE,-110.877905,57.222958,-110.897998,57.222064
28,03/16-09-095-06W4/0,SUNCOR SAGD P6P2 FIREBAG 16-9-95-6,1674,SUNCOR ENERGY INC.,STEAM ASSIS GRAVITY DRAIN,AB,DEVELOPMENT,-110.902774,57.233667,-110.897998,57.221665
29,03/14-36-094-06W4/0,SUNCOR SAGD P1P10 FIREBAG 14-36-94-6,1638,SUNCOR ENERGY INC.,STEAM ASSIS GRAVITY DRAIN,AB,DEVELOPMENT,-110.830227,57.203641,-110.825327,57.215158
30,03/14-12-095-06W4/0,SUNCOR SAGD P3S9 STEEPBK 14-12-95-6,1593,SUNCOR ENERGY INC.,STEAM ASSIS GRAVITY DRAIN,AB,DEVELOPMENT,-110.836296,57.2327,-110.813723,57.231489
31,03/14-11-095-06W4/0,SUNCOR SAGD P4S4 FIREBAG 14-11-95-6,1513,SUNCOR ENERGY INC.,STEAM ASSIS GRAVITY DRAIN,AB,DEVELOPMENT,-110.86526,57.233606,-110.867157,57.222118
32,03/14-10-095-06W4/0,SUNCOR SAGD P6P10 FIREBA 14-10-95-6,1670,SUNCOR ENERGY INC.,STEAM ASSIS GRAVITY DRAIN,AB,DEVELOPMENT,-110.89104,57.233672,-110.896177,57.222063
33,03/13-11-095-06W4/0,SUNCOR SAGD P4P3 FIREBAG 13-11-95-6,1493,SUNCOR ENERGY INC.,STEAM ASSIS GRAVITY DRAIN,AB,DEVELOPMENT,-110.867769,57.233612,-110.867753,57.222118
34,03/13-10-095-06W4/0,SUNCOR SAGD P6S4 FIREBAG 13-10-95-6,1585,SUNCOR ENERGY INC.,STEAM ASSIS GRAVITY DRAIN,AB,DEVELOPMENT SERVICE,-110.899944,57.233717,-110.897502,57.221665
35,03/13-03-095-06W4/0,SUNCOR SAGD P16P7 FIREBAG  13-3-95-6,1348,SUNCOR ENERGY INC.,STEAM ASSIS GRAVITY DRAIN,AB,DEVELOPMENT,-110.894154,57.218325,-110.912802,57.218729
36,03/08-11-095-06W4/0,SUNCOR SAGD P7P8 FIREBAG 8-11-95-6,1653,SUNCOR ENERGY INC.,STEAM ASSIS GRAVITY DRAIN,AB,DEVELOPMENT,-110.849766,57.227353,-110.854397,57.2157
37,03/07-12-095-06W4/0,SUNCOR SAGD P1S2 FIREBAG 7-12-95-6,1509,SUNCOR ENERGY INC.,STEAM ASSIS GRAVITY DRAIN,AB,DEVELOPMENT,-110.827328,57.227363,-110.825126,57.215876
38,03/07-11-095-06W4/0,SUNCOR SAGD P7P3 FIREBAG 7-11-95-6,1534,SUNCOR ENERGY INC.,STEAM ASSIS GRAVITY DRAIN,AB,DEVELOPMENT,-110.857183,57.227378,-110.856052,57.215701
39,03/06-12-095-06W4/0,SUNCOR SAGD P2S3 FIREBAG 6-12-95-6,1493,SUNCOR ENERGY INC.,STEAM ASSIS GRAVITY DRAIN,AB,DEVELOPMENT,-110.837987,57.227348,-110.837781,57.215892
40,03/05-02-095-06W4/0,SUNCOR SAGD P4P10 FIREBAG 5-2-95-6,1618,SUNCOR ENERGY INC.,STEAM ASSIS GRAVITY DRAIN,AB,DEVELOPMENT,-110.873171,57.21,-110.868351,57.221491
41,03/04-10-095-06W4/0,SUNCOR SAGD P16P3 FIREBAG  4-10-95-6,1359,SUNCOR ENERGY INC.,STEAM ASSIS GRAVITY DRAIN,AB,DEVELOPMENT,-110.8951,57.221768,-110.912801,57.219447
42,03/03-11-095-06W4/2,SUNCOR SAGD P5P8 FIREBAG 1-10-95-6,1355,SUNCOR ENERGY INC.,STEAM ASSIS GRAVITY DRAIN,AB,DEVELOPMENT,-110.863765,57.223286,-110.882315,57.222021
43,03/03-03-095-06W4/0,SUNCOR SAGD P6P15 FIREBAG 3-3-95-6,1655,SUNCOR ENERGY INC.,STEAM ASSIS GRAVITY DRAIN,AB,DEVELOPMENT,-110.891093,57.209949,-110.896012,57.221663
44,03/03-02-095-06W4/0,SUNCOR SAGD P4P6 FIREBAG 3-2-95-6,1670,SUNCOR ENERGY INC.,STEAM ASSIS GRAVITY DRAIN,AB,DEVELOPMENT,-110.862598,57.209929,-110.866961,57.22149
45,03/02-03-095-06W4/2,SUNCOR SAGD P5P17 FIREBAG 15-3-95-6,1618,SUNCOR ENERGY INC.,STEAM ASSIS GRAVITY DRAIN,AB,DEVELOPMENT,-110.886668,57.209776,-110.883142,57.221618
46,03/01-10-095-06W4/0,SUNCOR SAGD P6P13 FIREBAG 1-10-95-6,1303,SUNCOR ENERGY INC.,STEAM ASSIS GRAVITY DRAIN,AB,DEVELOPMENT,-110.878941,57.221371,-110.896674,57.221664
47,03/01-03-095-06W4/2,SUNCOR SAGD P5P12 FIREBAG 1-3-95-6,1691,SUNCOR ENERGY INC.,STEAM ASSIS GRAVITY DRAIN,AB,DEVELOPMENT,-110.875662,57.209769,-110.880992,57.221616
48,02/16-09-095-06W4/0,SUNCOR SAGD P6S1 FIREBAG 16-9-95-6,1704,SUNCOR ENERGY INC.,STEAM ASSIS GRAVITY DRAIN,AB,DEVELOPMENT SERVICE,-110.90427,57.233693,-110.898495,57.221665
49,02/15-35-094-06W4/0,SUNCOR SAGD P8P5 FIREBAG 15-35-94-6,1554.7,SUNCOR ENERGY INC.,STEAM ASSIS GRAVITY DRAIN,AB,DEVELOPMENT,-110.847218,57.203547,-110.844376,57.21526
50,02/14-36-094-06W4/0,SUNCOR SAGD P1P9 FIREBAG 14-36-94-6,1550,SUNCOR ENERGY INC.,STEAM ASSIS GRAVITY DRAIN,AB,DEVELOPMENT,-110.827576,57.203605,-110.82493,57.215157
51,02/14-35-094-06W4/0,SUNCOR SAGD P7P10 FIREBA 14-35-94-6,1520,SUNCOR ENERGY INC.,STEAM ASSIS GRAVITY DRAIN,AB,DEVELOPMENT,-110.854453,57.203803,-110.855224,57.215297
52,02/14-11-095-06W4/0,SUNCOR SAGD P4P5 FIREBAG 14-11-95-6,1629,SUNCOR ENERGY INC.,STEAM ASSIS GRAVITY DRAIN,AB,DEVELOPMENT,-110.863185,57.23361,-110.866959,57.222118
53,02/14-06-095-05W4/0,SUNCOR SAGD P3P2 STEEPBK 14-6-95-5,1672,SUNCOR ENERGY INC.,STEAM ASSIS GRAVITY DRAIN,AB,DEVELOPMENT,-110.808902,57.218015,-110.812337,57.230625
54,02/13-06-095-05W4/0,SUNCOR SAGD P3P5 STEEPBK 13-6-95-5,1689,SUNCOR ENERGY INC.,STEAM ASSIS GRAVITY DRAIN,AB,DEVELOPMENT,-110.816849,57.217664,-110.81333,57.230626
55,02/13-03-095-06W4/0,SUNCOR SAGD P16P6 FIREBAG  13-3-95-6,1342,SUNCOR ENERGY INC.,STEAM ASSIS GRAVITY DRAIN,AB,DEVELOPMENT,-110.894268,57.219132,-110.912802,57.218908
56,02/12-03-095-06W4/0,SUNCOR SAGD P16P10 FIREBAG  12-3-95-,1471,SUNCOR ENERGY INC.,STEAM ASSIS GRAVITY DRAIN,AB,DEVELOPMENT,-110.894199,57.215895,-110.913598,57.218101
57,02/08-12-095-06W4/0,SUNCOR SAGD P1P4 FIREBAG 8-12-95-6,1535,SUNCOR ENERGY INC.,STEAM ASSIS GRAVITY DRAIN,AB,DEVELOPMENT,-110.821971,57.227358,-110.824331,57.215875
58,02/08-11-095-06W4/0,SUNCOR SAGD P7P7 FIREBAG 8-11-95-6,1598,SUNCOR ENERGY INC.,STEAM ASSIS GRAVITY DRAIN,AB,DEVELOPMENT,-110.851221,57.227358,-110.854728,57.215701
59,02/06-12-095-06W4/0,SUNCOR SAGD P2P4 FIREBAG 6-12-95-6,1542,SUNCOR ENERGY INC.,STEAM ASSIS GRAVITY DRAIN,AB,DEVELOPMENT,-110.835379,57.227316,-110.837582,57.215892
60,02/06-11-095-06W4/0,SUNCOR SAGD P7S1 FIREBAG 6-11-95-6,1605,SUNCOR ENERGY INC.,STEAM ASSIS GRAVITY DRAIN,AB,DEVELOPMENT,-110.860343,57.22738,-110.856548,57.2157
61,02/04-10-095-06W4/0,SUNCOR SAGD P16P2 FIREBAG  4-10-95-6,1444,SUNCOR ENERGY INC.,STEAM ASSIS GRAVITY DRAIN,AB,DEVELOPMENT,-110.894292,57.222594,-110.912801,57.219627
62,02/02-03-095-06W4/2,SUNCOR SAGD P5P16 FIREBAG 15-3-95-6,1568,SUNCOR ENERGY INC.,STEAM ASSIS GRAVITY DRAIN,AB,DEVELOPMENT,-110.884443,57.209775,-110.882811,57.221618
63,02/01-10-095-06W4/0,SUNCOR SAGD P6P12 FIREBAG 1-10-95-6,1337,SUNCOR ENERGY INC.,STEAM ASSIS GRAVITY DRAIN,AB,DEVELOPMENT,-110.879323,57.222254,-110.897833,57.222064
64,00/16-09-095-06W4/0,SUNCOR SAGD P6P1 FIREBAG 16-9-95-6,1716,SUNCOR ENERGY INC.,STEAM ASSIS GRAVITY DRAIN,AB,DEVELOPMENT,-110.904291,57.23367,-110.898329,57.221665
65,00/15-35-094-06W4/0,SUNCOR SAGD P8P4 FIREBAG 15-35-94-6,1509,SUNCOR ENERGY INC.,STEAM ASSIS GRAVITY DRAIN,AB,DEVELOPMENT,-110.845393,57.203375,-110.844376,57.215081
66,00/14-36-094-06W4/0,SUNCOR SAGD P1P8 FIREBAG 14-36-94-6,1505,SUNCOR ENERGY INC.,STEAM ASSIS GRAVITY DRAIN,AB,DEVELOPMENT,-110.824914,57.203657,-110.824732,57.215157
67,00/14-35-094-06W4/0,SUNCOR SAGD P7P9 FIREBAG 14-35-94-6,1543,SUNCOR ENERGY INC.,STEAM ASSIS GRAVITY DRAIN,AB,DEVELOPMENT,-110.853006,57.203756,-110.854893,57.215296
68,00/14-11-095-06W4/0,SUNCOR SAGD P4P4 FIREBAG 14-11-95-6,1517,SUNCOR ENERGY INC.,STEAM ASSIS GRAVITY DRAIN,AB,DEVELOPMENT,-110.865265,57.233539,-110.867356,57.222118
69,00/14-06-095-05W4/0,SUNCOR SAGD P3P1 STEEPBK 14-6-95-5,1722,SUNCOR ENERGY INC.,STEAM ASSIS GRAVITY DRAIN,AB,DEVELOPMENT,-110.806237,57.218022,-110.81194,57.230624
70,00/12-12-095-06W4/0,SUNCOR SAGD P3P7 STEEPBK 12-12-95-6,1803,SUNCOR ENERGY INC.,STEAM ASSIS GRAVITY DRAIN,AB,DEVELOPMENT,-110.839478,57.229842,-110.813724,57.231058
71,00/08-11-095-06W4/0,SUNCOR SAGD P7P6 FIREBAG 8-11-95-6,1557,SUNCOR ENERGY INC.,STEAM ASSIS GRAVITY DRAIN,AB,DEVELOPMENT,-110.852731,57.227358,-110.855057,57.215701
72,00/07-12-095-06W4/0,SUNCOR SAGD P1P2 FIREBAG 7-12-95-6,1520,SUNCOR ENERGY INC.,STEAM ASSIS GRAVITY DRAIN,AB,DEVELOPMENT,-110.827322,57.227332,-110.824927,57.215875
73,00/06-12-095-06W4/0,SUNCOR SAGD P2P3 FIREBAG 6-12-95-6,1500,SUNCOR ENERGY INC.,STEAM ASSIS GRAVITY DRAIN,AB,DEVELOPMENT,-110.837982,57.227347,-110.837979,57.215893
74,00/06-11-095-06W4/0,SUNCOR SAGD P7P1 FIREBAG 6-11-95-6,1603,SUNCOR ENERGY INC.,STEAM ASSIS GRAVITY DRAIN,AB,DEVELOPMENT,-110.86034,57.227402,-110.856714,57.2157
75,00/05-12-095-06W4/0,SUNCOR SAGD P2P2 FIREBAG 5-12-95-6,1539,SUNCOR ENERGY INC.,STEAM ASSIS GRAVITY DRAIN,AB,DEVELOPMENT,-110.840639,57.22731,-110.838178,57.215893
76,00/05-07-095-05W4/0,SUNCOR SAGD P1N5 FIREBAG  5-7-95-5,1660,SUNCOR ENERGY INC.,STEAM ASSIS GRAVITY DRAIN,AB,DEVELOPMENT,-110.818114,57.227332,-110.823128,57.215887
77,00/04-10-095-06W4/0,SUNCOR SAGD P16P1 FIREBAG  4-10-95-6,1482,SUNCOR ENERGY INC.,STEAM ASSIS GRAVITY DRAIN,AB,DEVELOPMENT,-110.895212,57.223321,-110.912801,57.219806
78,00/04-02-095-06W4/0,SUNCOR SAGD P4P8 FIREBAG 4-2-95-6,1499,SUNCOR ENERGY INC.,STEAM ASSIS GRAVITY DRAIN,AB,DEVELOPMENT,-110.867841,57.209943,-110.867755,57.221491
79,00/02-03-095-06W4/2,SUNCOR SAGD P5P15 FIREBAG 15-3-95-6,1550,SUNCOR ENERGY INC.,STEAM ASSIS GRAVITY DRAIN,AB,DEVELOPMENT,-110.882271,57.209762,-110.882646,57.221617
80,00/01-10-095-06W4/0,SUNCOR SAGD P6P11 FIREBAG 1-10-95-6,1466,SUNCOR ENERGY INC.,STEAM ASSIS GRAVITY DRAIN,AB,DEVELOPMENT,-110.877903,57.222941,-110.898164,57.222064
81,00/07-10-095-06W4/0,SUNCOR SAGD P5P3 FIREBAG 7-10-95-6,528,SUNCOR ENERGY INC.,ABANDONED ZONE,AB,DEVELOPMENT,-110.884423,57.224544,-110.88281,57.222022
82,05/08-09-095-06W4/0,SUNCOR SAGD P115P7 FIREBAG  8-9-95-6,1588,SUNCOR ENERGY INC.,DRILLED AND CASED,AB,DEVELOPMENT,-110.905567,57.2248,-110.927996,57.225757
83,04/08-09-095-06W4/0,SUNCOR SAGD P115P6 FIREBAG  8-9-95-6,1568,SUNCOR ENERGY INC.,DRILLED AND CASED,AB,DEVELOPMENT,-110.905551,57.2256,-110.927996,57.225937
84,03/08-09-095-06W4/0,SUNCOR SAGD P115P5 FIREBAG  8-9-95-6,1568,SUNCOR ENERGY INC.,DRILLED AND CASED,AB,DEVELOPMENT,-110.905559,57.226408,-110.927996,57.226116
85,02/08-09-095-06W4/0,SUNCOR SAGD P115P4 FIREBAG  8-9-95-6,1582,SUNCOR ENERGY INC.,DRILLED AND CASED,AB,DEVELOPMENT,-110.905548,57.227186,-110.927996,57.226296
86,00/08-09-095-06W4/2,SUNCOR SAGD P115P3 FIREBAG  8-9-95-6,1618,SUNCOR ENERGY INC.,DRILLED AND CASED,AB,DEVELOPMENT,-110.905548,57.228079,-110.927996,57.226475
87,00/06-10-095-06W4/0,SUNCOR SAGD P5P1 FIREBAG 6-10-95-6,634,SUNCOR ENERGY INC.,DRILLED AND CASED,AB,DEVELOPMENT,-110.888674,57.224562,-110.883472,57.222022
88,00/01-09-095-06W4/0,SUNCOR SAGD P115P8 FIREBAG  1-9-95-6,1618,SUNCOR ENERGY INC.,DRILLED AND CASED,AB,DEVELOPMENT,-110.905496,57.223966,-110.927996,57.225578
89,02/15-10-095-06W4/2,SUNCOR SAGD P5P3 FIREBAG 7-10-95-6,1560,SUNCOR ENERGY INC.,ABANDONED,AB,DEVELOPMENT,-110.884377,57.233818,-110.88281,57.222022
90,00/15-10-095-06W4/2,SUNCOR SAGD P5P4 FIREBAG 2-10-95-6,1535,SUNCOR ENERGY INC.,ABANDONED,AB,DEVELOPMENT,-110.882168,57.233805,-110.882644,57.222022
91,02/03-09-095-06W4/0,SUNCOR SAGD P16S19 FIREBAG 3-9-95-6,1732,SUNCOR ENERGY INC.,ABANDONED & WHIPSTOCKED,AB,DEVELOPMENT SERVICE,-110.917818,57.222927,-110.913595,57.219628
92,00/16-01-095-06W4/0,SUNCOR SAGD P1N4 FIREBAG 16-1-95-6,725,SUNCOR ENERGY INC.,ABANDONED & WHIPSTOCKED,AB,DEVELOPMENT,-110.820463,57.21981,-110.823244,57.215887
93,00/15-01-095-06W4/0,SUNCOR SAGD P1N1 FIREBAG 15-1-95-6,634,SUNCOR ENERGY INC.,ABANDONED & WHIPSTOCKED,AB,DEVELOPMENT,-110.828147,57.218554,-110.823591,57.21589
94,00/10-04-095-06W4/0,SUNCOR SAGD P16S11 FIREBAG 10-4-95-6,706,SUNCOR ENERGY INC.,ABANDONED & WHIPSTOCKED,AB,DEVELOPMENT SERVICE,-110.907361,57.215264,-110.913598,57.218011
95,00/08-09-095-06W4/0,SUNCOR SAGD P115P3 FIREBAG  8-9-95-6,1618,SUNCOR ENERGY INC.,ABANDONED & WHIPSTOCKED,AB,DEVELOPMENT,-110.905546,57.228018,-110.927996,57.226475
96,00/05-01-095-06W4/0,SUNCOR SAGD 8P11 FIREBAG 5-1-95-6,660,SUNCOR ENERGY INC.,ABANDONED & WHIPSTOCKED,AB,DEVELOPMENT,-110.84435,57.212078,-110.845118,57.215981
97,03/14-06-095-05W4/0,SUNCOR SAGD P3P3 STEEPBK 14-6-95-5,1631,SUNCOR ENERGY INC.,SUSPENDED STEAM ASSIS GRAVITY DRAIN,AB,DEVELOPMENT,-110.811552,57.218056,-110.812536,57.230625
98,S2/04-01-095-06W4/0,SUNCOR SAGD 8S12 FIREBAG 4-1-95-6,1392,SUNCOR ENERGY INC.,STEAM ASSIS GRAVITY DRAIN,AB,DEVELOPMENT,-110.842112,57.206239,-110.845118,57.216071
99,S2/03-13-095-06W4/0,SUNCOR SAGD 3S11 FIREBAG 3-13-95-6,1559,SUNCOR ENERGY INC.,STEAM ASSIS GRAVITY DRAIN,AB,DEVELOPMENT SERVICE,-110.833642,57.235507,-110.813646,57.232015
100,S0/04-01-095-06W4/0,SUNCOR SAGD 8P12 FIREBAG 4-1-95-6,1407,SUNCOR ENERGY INC.,STEAM ASSIS GRAVITY DRAIN,AB,DEVELOPMENT,-110.842106,57.206254,-110.845118,57.216161
101,11/15-05-095-06W4/0,SUNCOR SAGD P16S16 FIREBAG  15-5-95-,1601,SUNCOR ENERGY INC.,STEAM ASSIS GRAVITY DRAIN,AB,DEVELOPMENT SERVICE,-110.935751,57.220797,-110.913597,57.219089
102,10/15-35-094-06W4/0,SUNCOR SAGD 8S11 FIREBAG 15-35-94-6,1345,SUNCOR ENERGY INC.,STEAM ASSIS GRAVITY DRAIN,AB,DEVELOPMENT,-110.844223,57.205847,-110.845118,57.215892
103,10/15-05-095-06W4/0,SUNCOR SAGD P16S15 FIREBAG  15-5-95-,1561,SUNCOR ENERGY INC.,STEAM ASSIS GRAVITY DRAIN,AB,DEVELOPMENT SERVICE,-110.935773,57.21998,-110.913597,57.218909
104,09/13-10-095-06W4/0,SUNCOR SAGD P6S6 FIREBAG 13-10-95-6,1495,SUNCOR ENERGY INC.,STEAM ASSIS GRAVITY DRAIN,AB,DEVELOPMENT SERVICE,-110.897006,57.233642,-110.897336,57.222063
105,09/09-01-095-06W4/0,SUNCOR SAGD P8S1 FIREBAG 9-1-95-6,1392,SUNCOR ENERGY INC.,STEAM ASSIS GRAVITY DRAIN,AB,DEVELOPMENT SERVICE,-110.825265,57.21641,-110.844375,57.215709
106,09/07-11-095-06W4/0,SUNCOR SAGD P7S5 FIREBAG 7-11-95-6,1526,SUNCOR ENERGY INC.,STEAM ASSIS GRAVITY DRAIN,AB,DEVELOPMENT,-110.854237,57.227385,-110.855224,57.215701
107,08/14-35-094-06W4/0,SUNCOR SAGDP7S10 FIREBAG 14-35-94-6,1516,SUNCOR ENERGY INC.,STEAM ASSIS GRAVITY DRAIN,AB,DEVELOPMENT,-110.854465,57.203786,-110.85539,57.215297
108,08/13-10-095-06W4/0,SUNCOR SAGD P6S5 FIREBAG 13-10-95-6,1495,SUNCOR ENERGY INC.,STEAM ASSIS GRAVITY DRAIN,AB,DEVELOPMENT SERVICE,-110.898492,57.233669,-110.898329,57.222064
109,08/13-03-095-06W4/0,SUNCOR SAGD P16S8 FIREBAG  13-3-95-6,1355,SUNCOR ENERGY INC.,STEAM ASSIS GRAVITY DRAIN,AB,DEVELOPMENT SERVICE,-110.894149,57.217508,-110.912804,57.218459
110,08/07-12-095-06W4/0,SUNCOR SAGD P2N5 FIREBAG  7-12-95-6,1642,SUNCOR ENERGY INC.,STEAM ASSIS GRAVITY DRAIN,AB,DEVELOPMENT,-110.831151,57.227351,-110.83637,57.215914
111,07/16-35-094-06W4/0,SUNCOR SAGD P2N9 FIREBAG  16-35-94-6,1539,SUNCOR ENERGY INC.,STEAM ASSIS GRAVITY DRAIN,AB,DEVELOPMENT,-110.839334,57.203873,-110.836889,57.215195
112,07/13-36-094-06W4/0,SUNCOR SAGD P2N8 FIREBAG  13-36-94-6,1508,SUNCOR ENERGY INC.,STEAM ASSIS GRAVITY DRAIN,AB,DEVELOPMENT,-110.836665,57.203894,-110.836773,57.215195
113,07/13-11-095-06W4/0,SUNCOR SAGD P4P1 FIREBAG 13-11-95-6,1635,SUNCOR ENERGY INC.,STEAM ASSIS GRAVITY DRAIN,AB,DEVELOPMENT,-110.873189,57.233548,-110.868349,57.222122
114,07/13-03-095-06W4/0,SUNCOR SAGD P16S7 FIREBAG  13-3-95-6,1337,SUNCOR ENERGY INC.,STEAM ASSIS GRAVITY DRAIN,AB,DEVELOPMENT SERVICE,-110.894146,57.21831,-110.912802,57.218639
115,07/11-02-095-06W4/0,SUNCOR SAGD P8S9 FIREBAG 11-2-95-6,1145.4,SUNCOR ENERGY INC.,STEAM ASSIS GRAVITY DRAIN,AB,DEVELOPMENT SERVICE,-110.860555,57.215629,-110.845119,57.215531
116,07/08-12-095-06W4/2,SUNCOR SAGD P1N4 FIREBAG   8-12-95-6,1522,SUNCOR ENERGY INC.,STEAM ASSIS GRAVITY DRAIN,AB,DEVELOPMENT,-110.820327,57.226958,-110.823244,57.215887
117,07/06-12-095-06W4/0,SUNCOR SAGD P2N4 FIREBAG  6-12-95-6,1616,SUNCOR ENERGY INC.,STEAM ASSIS GRAVITY DRAIN,AB,DEVELOPMENT,-110.833985,57.227371,-110.836657,57.215195
118,06/15-05-095-06W4/0,SUNCOR SAGD P16P16 FIREBAG  15-5-95-,1614,SUNCOR ENERGY INC.,STEAM ASSIS GRAVITY DRAIN,AB,DEVELOPMENT,-110.935756,57.220794,-110.913597,57.218999
119,06/13-11-095-06W4/0,SUNCOR SAGD P4S3 FIREBAG 13-11-95-6,1497,SUNCOR ENERGY INC.,STEAM ASSIS GRAVITY DRAIN,AB,DEVELOPMENT,-110.867729,57.233687,-110.867555,57.222118
120,06/13-10-095-06W4/0,SUNCOR SAGD P6P6 FIREBAG 13-10-95-6,1504,SUNCOR ENERGY INC.,STEAM ASSIS GRAVITY DRAIN,AB,DEVELOPMENT,-110.896985,57.233657,-110.897502,57.222064
121,06/11-12-095-06W4/0,SUNCOR SAGD P3S8 STEEPBK 11-12-95-6,1745,SUNCOR ENERGY INC.,STEAM ASSIS GRAVITY DRAIN,AB,DEVELOPMENT,-110.839115,57.231318,-110.813724,57.231273
122,06/11-02-095-06W4/0,SUNCOR SAGD P8S8 FIREBAG 11-2-95-6,1136,SUNCOR ENERGY INC.,STEAM ASSIS GRAVITY DRAIN,AB,DEVELOPMENT SERVICE,-110.860402,57.214727,-110.845121,57.215352
123,06/08-11-095-06W4/0,SUNCOR SAGD P7S8 FIREBAG 8-11-95-6,1460,SUNCOR ENERGY INC.,STEAM ASSIS GRAVITY DRAIN,AB,DEVELOPMENT,-110.849714,57.225736,-110.854229,57.2157
124,06/04-02-095-06W4/0,SUNCOR SAGD P4P9 FIREBAG 4-2-95-6,1550,SUNCOR ENERGY INC.,STEAM ASSIS GRAVITY DRAIN,AB,DEVELOPMENT,-110.870518,57.209871,-110.867954,57.221491
125,06/03-11-095-06W4/2,SUNCOR SAGD P5S8 FIREBAG 3-11-95-6,1335,SUNCOR ENERGY INC.,STEAM ASSIS GRAVITY DRAIN,AB,DEVELOPMENT SERVICE,-110.863777,57.223281,-110.882149,57.222021
126,06/02-08-095-06W4/2,SUNCOR SAGD P16S19 FIREBAG  2-8-95-6,1732,SUNCOR ENERGY INC.,STEAM ASSIS GRAVITY DRAIN,AB,DEVELOPMENT SERVICE,-110.935724,57.223195,-110.913595,57.219628
127,06/02-03-095-06W4/2,SUNCOR SAGD P5S15 FIREBAG 2-3-95-6,1541,SUNCOR ENERGY INC.,STEAM ASSIS GRAVITY DRAIN,AB,DEVELOPMENT SERVICE,-110.88225,57.209727,-110.88248,57.221618
128,06/01-10-095-06W4/0,SUNCOR SAGD P6S13 FIREBAG 1-10-95-6,1305,SUNCOR ENERGY INC.,STEAM ASSIS GRAVITY DRAIN,AB,DEVELOPMENT SERVICE,-110.87889,57.22137,-110.89684,57.221664
129,05/15-36-094-06W4/0,SUNCOR SAGD P1S7 FIREBAG 15-36-94-6,1533,SUNCOR ENERGY INC.,STEAM ASSIS GRAVITY DRAIN,AB,DEVELOPMENT,-110.822056,57.203616,-110.824136,57.215156
130,05/15-05-095-06W4/0,SUNCOR SAGD P16P15 FIREBAG  15-5-95-,1571,SUNCOR ENERGY INC.,STEAM ASSIS GRAVITY DRAIN,AB,DEVELOPMENT,-110.935756,57.219974,-110.913597,57.218819
131,05/13-03-095-06W4/0,SUNCOR SAGD P16S5 FIREBAG  13-3-95-6,1350,SUNCOR ENERGY INC.,STEAM ASSIS GRAVITY DRAIN,AB,DEVELOPMENT SERVICE,-110.89413,57.219941,-110.912802,57.218998
132,05/12-03-095-06W4/0,SUNCOR SAGD P16S10 FIREBAG  12-3-95-,1477,SUNCOR ENERGY INC.,STEAM ASSIS GRAVITY DRAIN,AB,DEVELOPMENT SERVICE,-110.894192,57.215889,-110.913598,57.218191
133,05/11-12-095-06W4/0,SUNCOR SAGD P3S7 STEEPBK 11-12-95-6,1740,SUNCOR ENERGY INC.,STEAM ASSIS GRAVITY DRAIN,AB,DEVELOPMENT,-110.83863,57.229826,-110.813726,57.23095
134,05/11-02-095-06W4/0,SUNCOR SAGD P8S7 FIREBAG 11-2-95-6,1176.1,SUNCOR ENERGY INC.,STEAM ASSIS GRAVITY DRAIN,AB,DEVELOPMENT SERVICE,-110.860644,57.213833,-110.845121,57.215172
135,05/04-02-095-06W4/0,SUNCOR SAGD P4S10 FIREBAG 4-2-95-6,1615,SUNCOR ENERGY INC.,STEAM ASSIS GRAVITY DRAIN,AB,DEVELOPMENT,-110.873198,57.20983,-110.86855,57.221491
136,05/03-02-095-06W4/0,SUNCOR SAGD P4S7 FIREBAG 3-2-95-6,1536,SUNCOR ENERGY INC.,STEAM ASSIS GRAVITY DRAIN,AB,DEVELOPMENT,-110.865076,57.209877,-110.867159,57.22149
137,05/02-08-095-06W4/0,SUNCOR SAGD P16S18 FIREBAG  2-8-95-6,1666,SUNCOR ENERGY INC.,STEAM ASSIS GRAVITY DRAIN,AB,DEVELOPMENT SERVICE,-110.93579,57.22241,-110.913595,57.219448
138,05/02-03-095-06W4/2,SUNCOR SAGD P5S17 FIREBAG 2-3-95-6,1615,SUNCOR ENERGY INC.,STEAM ASSIS GRAVITY DRAIN,AB,DEVELOPMENT SERVICE,-110.886663,57.209773,-110.883308,57.221618
139,05/01-10-095-06W4/0,SUNCOR SAGD P6S12 FIREBAG 1-10-95-6,1324,SUNCOR ENERGY INC.,STEAM ASSIS GRAVITY DRAIN,AB,DEVELOPMENT SERVICE,-110.879259,57.22226,-110.897667,57.222064
140,04/15-36-094-06W4/0,SUNCOR SAGD P1S6 FIREBAG 15-36-94-6,1619,SUNCOR ENERGY INC.,STEAM ASSIS GRAVITY DRAIN,AB,DEVELOPMENT,-110.819242,57.203654,-110.823689,57.215155
141,04/15-05-095-06W4/0,SUNCOR SAGD P16P14 FIREBAG  15-5-95-,1550,SUNCOR ENERGY INC.,STEAM ASSIS GRAVITY DRAIN,AB,DEVELOPMENT,-110.935693,57.219164,-110.913597,57.21864
142,04/14-36-094-06W4/0,SUNCOR  SAGD P1S8 FIREBAG 14-36-94-6,1497,SUNCOR ENERGY INC.,STEAM ASSIS GRAVITY DRAIN,AB,DEVELOPMENT,-110.824925,57.203656,-110.824533,57.215157
143,04/14-06-095-05W4/0,SUNCOR SAGD P3S1 STEEPBK 14-6-95-5,1712,SUNCOR ENERGY INC.,STEAM ASSIS GRAVITY DRAIN,AB,DEVELOPMENT,-110.806294,57.218016,-110.811741,57.230623
144,04/13-35-094-06W4/0,SUNCOR SAGDP7S14 FIREBAG 13-35-94-6,1584,SUNCOR ENERGY INC.,STEAM ASSIS GRAVITY DRAIN,AB,DEVELOPMENT,-110.860463,57.203762,-110.856714,57.215296
145,04/13-03-095-06W4/0,SUNCOR SAGD P16P8 FIREBAG  13-3-95-6,1366,SUNCOR ENERGY INC.,STEAM ASSIS GRAVITY DRAIN,AB,DEVELOPMENT,-110.894126,57.217514,-110.912802,57.218549
146,04/11-12-095-06W4/0,SUNCOR SAGD P3S6 STEEPBK 11-12-95-6,1883,SUNCOR ENERGY INC.,STEAM ASSIS GRAVITY DRAIN,AB,DEVELOPMENT,-110.839452,57.228374,-110.813726,57.230734
147,04/11-02-095-06W4/0,SUNCOR SAGD P8P10 FIREBAG 11-2-95-6,1171.2,SUNCOR ENERGY INC.,STEAM ASSIS GRAVITY DRAIN,AB,DEVELOPMENT,-110.860424,57.216521,-110.845118,57.215801
148,04/08-12-095-06W4/0,SUNCOR SAGD P1S4 FIREBAG 8-12-95-6,1528,SUNCOR ENERGY INC.,STEAM ASSIS GRAVITY DRAIN,AB,DEVELOPMENT,-110.821991,57.227457,-110.824132,57.215874
149,04/08-11-095-06W4/0,SUNCOR SAGD P7S6 FIREBAG  8-11-95-6,1546,SUNCOR ENERGY INC.,STEAM ASSIS GRAVITY DRAIN,AB,DEVELOPMENT,-110.852714,57.227358,-110.854893,57.215701
150,04/07-12-095-06W4/0,SUNCOR SAGD P2P5 FIREBAG 7-12-95-6,1624,SUNCOR ENERGY INC.,STEAM ASSIS GRAVITY DRAIN,AB,DEVELOPMENT,-110.832482,57.227316,-110.837185,57.215892
151,04/06-12-095-06W4/0,SUNCOR SAGD P2S4 FIREBAG 6-12-95-6,1521,SUNCOR ENERGY INC.,STEAM ASSIS GRAVITY DRAIN,AB,DEVELOPMENT,-110.835388,57.227313,-110.837383,57.215892
152,04/05-12-095-06W4/0,SUNCOR SAGDP2P1 FIREBAG 5-12-95-6,1620,SUNCOR ENERGY INC.,STEAM ASSIS GRAVITY DRAIN,AB,DEVELOPMENT,-110.843303,57.227371,-110.838575,57.215893
153,04/03-03-095-06W4/0,SUNCOR SAGD P6S15 FIREBAG 3-3-95-6,1655,SUNCOR ENERGY INC.,STEAM ASSIS GRAVITY DRAIN,AB,DEVELOPMENT SERVICE,-110.891099,57.210001,-110.896177,57.221663
154,04/02-08-095-06W4/0,SUNCOR SAGD P16S17 FIREBAG  2-8-95-6,1644,SUNCOR ENERGY INC.,STEAM ASSIS GRAVITY DRAIN,AB,DEVELOPMENT SERVICE,-110.935631,57.2216,-110.913595,57.219268
155,04/02-03-095-06W4/2,SUNCOR SAGD P5S16 FIREBAG 2-3-95-6,1555,SUNCOR ENERGY INC.,STEAM ASSIS GRAVITY DRAIN,AB,DEVELOPMENT SERVICE,-110.884449,57.209747,-110.882977,57.221618
156,04/01-03-095-06W4/2,SUNCOR SAGD P5P14 FIREBAG 1-3-95-6,1562,SUNCOR ENERGY INC.,STEAM ASSIS GRAVITY DRAIN,AB,DEVELOPMENT,-110.880051,57.20974,-110.881654,57.221617
157,03/16-03-095-06W4/0,SUNCOR SAGD P6S14 FIREBAG 16-3-95-6,1455,SUNCOR ENERGY INC.,STEAM ASSIS GRAVITY DRAIN,AB,DEVELOPMENT SERVICE,-110.877095,57.220521,-110.897171,57.221664
158,03/15-05-095-06W4/0,SUNCOR SAGD P16P13 FIREBAG  15-5-95-,1555,SUNCOR ENERGY INC.,STEAM ASSIS GRAVITY DRAIN,AB,DEVELOPMENT,-110.935705,57.218353,-110.913598,57.21846
159,03/14-35-094-06W4/0,SUNCOR SAGD P7P11 FIREBA 14-35-94-6,1518,SUNCOR ENERGY INC.,STEAM ASSIS GRAVITY DRAIN,AB,DEVELOPMENT,-110.855951,57.203794,-110.855555,57.215296
160,03/14-02-095-06W4/0,SUNCOR SAGD P5S11 FIREBAG 14-2-95-6,1380,SUNCOR ENERGY INC.,STEAM ASSIS GRAVITY DRAIN,AB,DEVELOPMENT SERVICE,-110.863379,57.22043,-110.882151,57.221617
161,03/13-36-094-06W4/0,SUNCOR SAGD P2S6 FIREBAG 13-36-94-6,1603,SUNCOR ENERGY INC.,STEAM ASSIS GRAVITY DRAIN,AB,DEVELOPMENT,-110.832844,57.20369,-110.83699,57.215173
162,03/13-06-095-05W4/0,SUNCOR SAGD P3S4 STEEPBK 13-6-95-5,1626,SUNCOR ENERGY INC.,STEAM ASSIS GRAVITY DRAIN,AB,DEVELOPMENT,-110.814186,57.217953,-110.813132,57.230626
163,03/12-03-095-06W4/0,SUNCOR SAGD P16P11 FIREBAG  12-3-95-,1515,SUNCOR ENERGY INC.,STEAM ASSIS GRAVITY DRAIN,AB,DEVELOPMENT,-110.894065,57.215093,-110.913598,57.217921
164,03/11-12-095-06W4/0,SUNCOR SAGD P3P8 STEEPBK 11-12-95-6,1752,SUNCOR ENERGY INC.,STEAM ASSIS GRAVITY DRAIN,AB,DEVELOPMENT,-110.839186,57.231344,-110.813724,57.231165
165,03/08-12-095-06W4/0,SUNCOR SAGD P1S3 FIREBAG 8-12-95-6,1485,SUNCOR ENERGY INC.,STEAM ASSIS GRAVITY DRAIN,AB,DEVELOPMENT,-110.824621,57.227185,-110.82453,57.215875
166,03/05-12-095-06W4/0,SUNCOR SAGD P2S2 FIREBAG 5-12-95-6,1524,SUNCOR ENERGY INC.,STEAM ASSIS GRAVITY DRAIN,AB,DEVELOPMENT,-110.840638,57.227322,-110.838376,57.215893
167,03/04-02-095-06W4/0,SUNCOR SAGD P4S9 FIREBAG 4-2-95-6,1539,SUNCOR ENERGY INC.,STEAM ASSIS GRAVITY DRAIN,AB,DEVELOPMENT,-110.870436,57.209801,-110.868153,57.221491
168,03/02-08-095-06W4/0,SUNCOR SAGD P16P19 FIREBAG  2-8-95-6,1744,SUNCOR ENERGY INC.,STEAM ASSIS GRAVITY DRAIN,AB,DEVELOPMENT,-110.935699,57.2232,-110.913595,57.219538
169,02/16-10-095-06W4/2,SUNCOR SAGD P5S6 FIREBAG 8-10-95-6,1609,SUNCOR ENERGY INC.,STEAM ASSIS GRAVITY DRAIN,AB,DEVELOPMENT SERVICE,-110.877749,57.233822,-110.881321,57.22202
170,02/16-03-095-06W4/0,SUNCOR SAGD P6P14 FIREBAG 16-3-95-6,1448,SUNCOR ENERGY INC.,STEAM ASSIS GRAVITY DRAIN,AB,DEVELOPMENT,-110.877221,57.22054,-110.897005,57.221664
171,02/15-05-095-06W4/0,SUNCOR SAGD P16P12 FIREBAG  15-5-95-,1561,SUNCOR ENERGY INC.,STEAM ASSIS GRAVITY DRAIN,AB,DEVELOPMENT,-110.935695,57.217553,-110.913598,57.218281
172,02/14-10-095-06W4/2,SUNCOR SAGD P5S1 FIREBAG 14-10-95-6,1662,SUNCOR ENERGY INC.,STEAM ASSIS GRAVITY DRAIN,AB,DEVELOPMENT SERVICE,-110.888947,57.233802,-110.883637,57.222022
173,02/14-02-095-06W4/2,SUNCOR SAGD P5P11 FIREBAG 16-3-95-6,1393,SUNCOR ENERGY INC.,STEAM ASSIS GRAVITY DRAIN,AB,DEVELOPMENT,-110.863524,57.220437,-110.882316,57.221617
174,02/13-11-095-06W4/0,SUNCOR SAGD P4P2 FIREBAG 13-11-95-6,1544,SUNCOR ENERGY INC.,STEAM ASSIS GRAVITY DRAIN,AB,DEVELOPMENT,-110.870594,57.233621,-110.867952,57.222119
175,02/11-02-095-06W4/0,SUNCOR SAGD P8P8 FIREBAG 11-2-95-6,1155,SUNCOR ENERGY INC.,STEAM ASSIS GRAVITY DRAIN,AB,DEVELOPMENT,-110.860574,57.214734,-110.845119,57.215442
176,02/07-11-095-06W4/0,SUNCOR SAGD P7P2 FIREBAG 7-11-95-6,1560,SUNCOR ENERGY INC.,STEAM ASSIS GRAVITY DRAIN,AB,DEVELOPMENT,-110.858681,57.227387,-110.856383,57.2157
177,02/05-12-095-06W4/0,SUNCOR SAGD P2S1 FIREBAG 5-12-95-6,1608,SUNCOR ENERGY INC.,STEAM ASSIS GRAVITY DRAIN,AB,DEVELOPMENT,-110.843262,57.227358,-110.838774,57.215893
178,02/03-03-095-06W4/2,SUNCOR SAGD P5S18 FIREBAG 3-3-95-6,1693,SUNCOR ENERGY INC.,STEAM ASSIS GRAVITY DRAIN,AB,DEVELOPMENT SERVICE,-110.889069,57.209757,-110.883639,57.221619
179,02/03-02-095-06W4/0,SUNCOR SAGD P4P7 FIREBAG 3-2-95-6,1551,SUNCOR ENERGY INC.,STEAM ASSIS GRAVITY DRAIN,AB,DEVELOPMENT,-110.865165,57.209885,-110.867358,57.22149
180,02/02-08-095-06W4/0,SUNCOR SAGD P16P18 FIREBAG  2-8-95-6,1692,SUNCOR ENERGY INC.,STEAM ASSIS GRAVITY DRAIN,AB,DEVELOPMENT,-110.93575,57.222402,-110.913595,57.219358
181,02/01-03-095-06W4/0,SUNCOR SAGD P5P13 FIREBAG 1-3-95-6,1675,SUNCOR ENERGY INC.,STEAM ASSIS GRAVITY DRAIN,AB,DEVELOPMENT,-110.877832,57.209805,-110.881984,57.222021
182,00/16-10-095-06W4/2,SUNCOR SAGD P5P7 FIREBAG 8-10-95-6,1678,SUNCOR ENERGY INC.,STEAM ASSIS GRAVITY DRAIN,AB,DEVELOPMENT SERVICE,-110.875552,57.233824,-110.88099,57.22202
183,00/14-12-095-06W4/0,SUNCOR SAGD P3P9 STEEPBK 14-12-95-6,1619,SUNCOR ENERGY INC.,STEAM ASSIS GRAVITY DRAIN,AB,DEVELOPMENT,-110.836281,57.232714,-110.813723,57.231381
184,00/13-36-094-06W4/0,SUNCOR SAGD P2P6 FIREBAG 13-36-94-6,1610,SUNCOR ENERGY INC.,STEAM ASSIS GRAVITY DRAIN,AB,DEVELOPMENT,-110.832818,57.2038,-110.837188,57.215173
185,00/13-03-095-06W4/0,SUNCOR SAGD P16P5 FIREBAG  13-3-95-6,1360,SUNCOR ENERGY INC.,STEAM ASSIS GRAVITY DRAIN,AB,DEVELOPMENT,-110.894117,57.219941,-110.912802,57.219088
186,00/11-12-095-06W4/0,SUNCOR SAGD P3P6 STEEPBK 11-12-95-6,1890,SUNCOR ENERGY INC.,STEAM ASSIS GRAVITY DRAIN,AB,DEVELOPMENT,-110.83946,57.228366,-110.813726,57.230842
187,00/11-02-095-06W4/0,SUNCOR SAGD P8P7 FIREBAG 11-2-95-6,1195,SUNCOR ENERGY INC.,STEAM ASSIS GRAVITY DRAIN,AB,DEVELOPMENT,-110.860735,57.213827,-110.845121,57.215262
188,00/03-03-095-06W4/2,SUNCOR SAGD P5P18 FIREBAG 3-3-95-6,1689,SUNCOR ENERGY INC.,STEAM ASSIS GRAVITY DRAIN,AB,DEVELOPMENT,-110.889036,57.209785,-110.883473,57.221618
189,00/01-03-095-06W4/0,SUNCOR SAGD P5S13 FIREBAG 1-3-95-6,1640.8,SUNCOR ENERGY INC.,STEAM ASSIS GRAVITY DRAIN,AB,DEVELOPMENT SERVICE,-110.87783,57.209921,-110.881818,57.222021
190,02/02-10-095-06W4/0,SUNCOR SAGD P5P4 FIREBAG 2-10-95-6,499,SUNCOR ENERGY INC.,ABANDONED ZONE,AB,DEVELOPMENT,-110.882222,57.224495,-110.882644,57.222022
191,02/15-03-095-06W4/0,SUNCOR SAGD P5P16 FIREBAG 15-3-95-6,537,SUNCOR ENERGY INC.,DRILLED AND CASED,AB,DEVELOPMENT,-110.884443,57.219086,-110.882811,57.221618
192,00/14-03-095-06W4/0,SUNCOR SAGD P5P18 FIREBAG 14-3-95-6,655,SUNCOR ENERGY INC.,DRILLED AND CASED,AB,DEVELOPMENT,-110.88906,57.219115,-110.883473,57.221618
193,S0/03-13-095-06W4/0,SUNCOR SAGD 3P11 FIREBAG 3-13-95-6,1647,SUNCOR ENERGY INC.,STEAM ASSIS GRAVITY DRAIN,AB,DEVELOPMENT,-110.835002,57.235486,-110.813646,57.231925
194,10/13-10-095-06W4/0,SUNCOR SAGD P6S8 FIREBAG 13-10-95-6,1550,SUNCOR ENERGY INC.,STEAM ASSIS GRAVITY DRAIN,AB,DEVELOPMENT SERVICE,-110.894001,57.233701,-110.896674,57.222063
195,09/15-35-094-06W4/2,SUNCOR SAGD 8P11 FIREBAG 15-35-94-6,1359,SUNCOR ENERGY INC.,STEAM ASSIS GRAVITY DRAIN,AB,DEVELOPMENT,-110.844225,57.205886,-110.845118,57.215981
196,09/15-05-095-06W4/0,SUNCOR SAGD P16S14 FIREBAG  15-5-95-,1536,SUNCOR ENERGY INC.,STEAM ASSIS GRAVITY DRAIN,AB,DEVELOPMENT SERVICE,-110.935698,57.219163,-110.913597,57.21873
197,08/15-36-094-06W4/0,SUNCOR SAGD P1N7 FIREBAG  15-36-94-6,1493,SUNCOR ENERGY INC.,STEAM ASSIS GRAVITY DRAIN,AB,DEVELOPMENT,-110.823296,57.203874,-110.823361,57.215261
198,08/15-35-094-06W4/0,SUNCOR SAGD 8P6 FIREBAG 15-35-94-6,1571,SUNCOR ENERGY INC.,STEAM ASSIS GRAVITY DRAIN,AB,DEVELOPMENT,-110.848709,57.20373,-110.845136,57.215115
199,08/15-05-095-06W4/0,SUNCOR SAGD P16S13 FIREBAG  15-5-95-,1538,SUNCOR ENERGY INC.,STEAM ASSIS GRAVITY DRAIN,AB,DEVELOPMENT SERVICE,-110.93571,57.218349,-110.913597,57.21855
200,08/14-36-094-06W4/0,SUNCOR SAGD P1N9 FIREBAG  14-36-94-6,1658,SUNCOR ENERGY INC.,STEAM ASSIS GRAVITY DRAIN,AB,DEVELOPMENT,-110.828885,57.203923,-110.823593,57.215261
201,08/11-02-095-06W4/0,SUNCOR SAGD P8S10 FIREBAG 11-2-95-6,1169.4,SUNCOR ENERGY INC.,STEAM ASSIS GRAVITY DRAIN,AB,DEVELOPMENT SERVICE,-110.86049,57.216527,-110.845119,57.215711
202,08/09-01-095-06W4/0,SUNCOR SAGD P8P3 FIREBAG 9-1-95-6,1528,SUNCOR ENERGY INC.,STEAM ASSIS GRAVITY DRAIN,AB,DEVELOPMENT,-110.823528,57.214185,-110.844375,57.21544
203,08/07-11-095-06W4/0,SUNCOR SAGD P7S4 FIREBAG 7-11-95-6,1531,SUNCOR ENERGY INC.,STEAM ASSIS GRAVITY DRAIN,AB,DEVELOPMENT,-110.855673,57.227434,-110.855555,57.215701
204,07/15-36-094-06W4/0,SUNCOR SAGD P1N6 FIREBAG  15-36-94-6,1537,SUNCOR ENERGY INC.,STEAM ASSIS GRAVITY DRAIN,AB,DEVELOPMENT,-110.820774,57.203888,-110.823245,57.215261
205,07/15-35-094-06W4/0,SUNCOR SAGD 8S6 FIREBAG 15-35-94-6,1564,SUNCOR ENERGY INC.,STEAM ASSIS GRAVITY DRAIN,AB,DEVELOPMENT SERVICE,-110.848705,57.203658,-110.845138,57.215025
206,07/15-05-095-06W4/0,SUNCOR SAGD P16S12 FIREBAG  15-5-95-,1553,SUNCOR ENERGY INC.,STEAM ASSIS GRAVITY DRAIN,AB,DEVELOPMENT SERVICE,-110.935703,57.217554,-110.913598,57.21837
207,07/14-36-094-06W4/0,SUNCOR SAGD P1N8 FIREBAG  14-36-94-6,1557,SUNCOR ENERGY INC.,STEAM ASSIS GRAVITY DRAIN,AB,DEVELOPMENT,-110.826231,57.203938,-110.823477,57.215261
208,07/14-35-094-06W4/0,SUNCOR SAGD P7S9 FIREBAG 14-35-94-6,1543,SUNCOR ENERGY INC.,STEAM ASSIS GRAVITY DRAIN,AB,DEVELOPMENT,-110.852991,57.203703,-110.855059,57.215297
209,07/13-10-095-06W4/0,SUNCOR SAGD P6P8 FIREBAG 13-10-95-6,1563,SUNCOR ENERGY INC.,STEAM ASSIS GRAVITY DRAIN,AB,DEVELOPMENT,-110.894021,57.233708,-110.89684,57.222063
210,07/09-01-095-06W4/0,SUNCOR SAGD P8P2 FIREBAG 9-1-95-6,1495,SUNCOR ENERGY INC.,STEAM ASSIS GRAVITY DRAIN,AB,DEVELOPMENT,-110.82352,57.21534,-110.844375,57.21562
211,07/07-12-095-06W4/2,SUNCOR SAGD P1N1 FIREBAG  7-12-95-6,1614,SUNCOR ENERGY INC.,STEAM ASSIS GRAVITY DRAIN,AB,DEVELOPMENT,-110.828313,57.227216,-110.823591,57.21589
212,07/07-11-095-06W4/0,SUNCOR SAGD P7S3 FIREBAG 7-11-95-6,1533,SUNCOR ENERGY INC.,STEAM ASSIS GRAVITY DRAIN,AB,DEVELOPMENT,-110.857196,57.227401,-110.855886,57.215701
213,07/06-03-095-06W4/0,SUNCOR SAGD P6S16 FIREBAG 6-3-95-6,1605,SUNCOR ENERGY INC.,STEAM ASSIS GRAVITY DRAIN,AB,DEVELOPMENT SERVICE,-110.892633,57.210029,-110.896508,57.221664
214,06/16-35-094-06W4/0,SUNCOR SAGD P2S10 FIREBAG 16-35-94-6,1586,SUNCOR ENERGY INC.,STEAM ASSIS GRAVITY DRAIN,AB,DEVELOPMENT,-110.84326,57.203783,-110.838777,57.215175
215,06/16-10-095-06W4/2,SUNCOR SAGD P5P5 FIREBAG 16-10-95-6,1567,SUNCOR ENERGY INC.,STEAM ASSIS GRAVITY DRAIN,AB,DEVELOPMENT,-110.87997,57.233817,-110.881487,57.222021
216,06/14-36-094-06W4/0,SUNCOR SAGD P1S10 FIREBAG 14-36-94-6,1617,SUNCOR ENERGY INC.,STEAM ASSIS GRAVITY DRAIN,AB,DEVELOPMENT,-110.830238,57.203596,-110.825526,57.215158
217,06/14-35-094-06W4/0,SUNCOR SAGDP7S11 FIREBAG 14-35-94-6,1511,SUNCOR ENERGY INC.,STEAM ASSIS GRAVITY DRAIN,AB,DEVELOPMENT,-110.855962,57.203766,-110.855721,57.215296
218,06/13-36-094-06W4/0,SUNCOR SAGD P2N7 FIREBAG  13-36-94-6,1598,SUNCOR ENERGY INC.,STEAM ASSIS GRAVITY DRAIN,AB,DEVELOPMENT,-110.834252,57.203872,-110.836486,57.215914
219,06/13-03-095-06W4/0,SUNCOR SAGD P16S6 FIREBAG  13-3-95-6,1323,SUNCOR ENERGY INC.,STEAM ASSIS GRAVITY DRAIN,AB,DEVELOPMENT SERVICE,-110.894266,57.21913,-110.912802,57.218819
220,06/09-01-095-06W4/0,SUNCOR SAGD P8P1 FIREBAG 9-1-95-6,1499,SUNCOR ENERGY INC.,STEAM ASSIS GRAVITY DRAIN,AB,DEVELOPMENT,-110.823568,57.216431,-110.844375,57.215799
221,06/08-12-095-06W4/0,SUNCOR SAGD P1N3 FIREBAG   8-12-95-6,1507,SUNCOR ENERGY INC.,STEAM ASSIS GRAVITY DRAIN,AB,DEVELOPMENT,-110.823126,57.227316,-110.82336,57.215887
222,06/07-12-095-06W4/0,SUNCOR SAGDP1P1 FIREBAG 7-12-95-6,1611,SUNCOR ENERGY INC.,STEAM ASSIS GRAVITY DRAIN,AB,DEVELOPMENT,-110.829921,57.227338,-110.825324,57.215876
223,06/07-11-095-06W4/0,SUNCOR SAGD P7S2 FIREBAG 7-11-95-6,1561,SUNCOR ENERGY INC.,STEAM ASSIS GRAVITY DRAIN,AB,DEVELOPMENT,-110.85868,57.227383,-110.856217,57.2157
224,06/01-03-095-06W4/2,SUNCOR SAGD P5S14 FIREBAG 1-3-95-6,1547,SUNCOR ENERGY INC.,STEAM ASSIS GRAVITY DRAIN,AB,DEVELOPMENT SERVICE,-110.880061,57.20974,-110.881489,57.221617
225,05/16-35-094-06W4/0,SUNCOR SAGD P2S9 FIREBAG 16-35-94-6,1510,SUNCOR ENERGY INC.,STEAM ASSIS GRAVITY DRAIN,AB,DEVELOPMENT,-110.840552,57.203751,-110.83838,57.215175
226,05/16-10-095-06W4/2,SUNCOR SAGD P5P6 FIREBAG 16-10-95-6,1614,SUNCOR ENERGY INC.,STEAM ASSIS GRAVITY DRAIN,AB,DEVELOPMENT,-110.877753,57.233825,-110.881156,57.22202
227,05/15-35-094-06W4/0,SUNCOR SAGD P8S5 FIREBAG 15-35-94-6,1555,SUNCOR ENERGY INC.,STEAM ASSIS GRAVITY DRAIN,AB,DEVELOPMENT SERVICE,-110.847198,57.203387,-110.844376,57.215171
228,05/14-36-094-06W4/0,SUNCOR SAGD P1S9 FIREBAG 14-36-94-6,1565,SUNCOR ENERGY INC.,STEAM ASSIS GRAVITY DRAIN,AB,DEVELOPMENT,-110.827576,57.203588,-110.825129,57.215157
229,05/14-35-094-06W4/0,SUNCOR SAGD P7P12 FIREBA 14-35-94-6,1517.1,SUNCOR ENERGY INC.,STEAM ASSIS GRAVITY DRAIN,AB,DEVELOPMENT,-110.85747,57.203909,-110.855886,57.215296
230,05/14-06-095-05W4/0,SUNCOR SAGD P3S2 STEEPBK 14-6-95-5,1663,SUNCOR ENERGY INC.,STEAM ASSIS GRAVITY DRAIN,AB,DEVELOPMENT,-110.808901,57.218043,-110.812138,57.230624
231,05/13-36-094-06W4/0,SUNCOR SAGD P2N6 FIREBAG  13-36-94-6,1637,SUNCOR ENERGY INC.,STEAM ASSIS GRAVITY DRAIN,AB,DEVELOPMENT,-110.831396,57.203881,-110.836541,57.215195
232,05/13-11-095-06W4/0,SUNCOR SAGD P4S2 FIREBAG 13-11-95-6,1530,SUNCOR ENERGY INC.,STEAM ASSIS GRAVITY DRAIN,AB,DEVELOPMENT,-110.870551,57.233611,-110.868151,57.222119
233,05/13-10-095-06W4/0,SUNCOR SAGD P6P5 FIREBAG 13-10-95-6,1504,SUNCOR ENERGY INC.,STEAM ASSIS GRAVITY DRAIN,AB,DEVELOPMENT,-110.89848,57.233684,-110.898495,57.222064
234,05/08-12-095-06W4/0,SUNCOR SAGD P1N2 FIREBAG  8-12-95-6,1503,SUNCOR ENERGY INC.,STEAM ASSIS GRAVITY DRAIN,AB,DEVELOPMENT,-110.825689,57.227316,-110.823475,57.215888
235,05/08-11-095-06W4/0,SUNCOR SAGD P7S7 FIREBAG 8-11-95-6,1587,SUNCOR ENERGY INC.,STEAM ASSIS GRAVITY DRAIN,AB,DEVELOPMENT,-110.851181,57.227382,-110.854562,57.2157
236,05/07-12-095-06W4/0,SUNCOR SAGD P2S5 FIREBAG 7-12-95-6,1601,SUNCOR ENERGY INC.,STEAM ASSIS GRAVITY DRAIN,AB,DEVELOPMENT,-110.832486,57.227332,-110.836986,57.215891
237,05/07-11-095-06W4/0,SUNCOR SAGD P7P5 FIREBAG 7-11-95-6,1534,SUNCOR ENERGY INC.,STEAM ASSIS GRAVITY DRAIN,AB,DEVELOPMENT,-110.854234,57.22737,-110.85539,57.215701
238,05/06-12-095-06W4/0,SUNCOR SAGD P2N2 FIREBAG  6-12-95-6,1551,SUNCOR ENERGY INC.,STEAM ASSIS GRAVITY DRAIN,AB,DEVELOPMENT,-110.839159,57.227305,-110.836718,57.215915
239,05/06-03-095-06W4/0,SUNCOR SAGD P6P16 FIREBAG 6-3-95-6,1605,SUNCOR ENERGY INC.,STEAM ASSIS GRAVITY DRAIN,AB,DEVELOPMENT,-110.892617,57.210062,-110.896343,57.221664
240,04/16-35-094-06W4/0,SUNCOR SAGD P2S8 FIREBAG 16-35-94-6,1480,SUNCOR ENERGY INC.,STEAM ASSIS GRAVITY DRAIN,AB,DEVELOPMENT,-110.837942,57.203784,-110.837784,57.215174
241,04/15-35-094-06W4/0,SUNCOR SAGD P8S4 FIREBAG 15-35-94-6,1500,SUNCOR ENERGY INC.,STEAM ASSIS GRAVITY DRAIN,AB,DEVELOPMENT SERVICE,-110.845399,57.203318,-110.844378,57.214991
242,04/14-35-094-06W4/0,SUNCOR SAGDP7S12 FIREBAG 14-35-94-6,1518,SUNCOR ENERGY INC.,STEAM ASSIS GRAVITY DRAIN,AB,DEVELOPMENT,-110.857496,57.203781,-110.856052,57.215296
243,04/13-36-094-06W4/0,SUNCOR SAGD P2S7 FIREBAG 13-36-94-6,1514,SUNCOR ENERGY INC.,STEAM ASSIS GRAVITY DRAIN,AB,DEVELOPMENT,-110.835463,57.203774,-110.837387,57.215174
244,04/13-11-095-06W4/0,SUNCOR SAGD P4S1 FIREBAG 13-11-95-6,1635,SUNCOR ENERGY INC.,STEAM ASSIS GRAVITY DRAIN,AB,DEVELOPMENT,-110.873189,57.233543,-110.868546,57.22212
245,04/13-10-095-06W4/0,SUNCOR SAGD P6S7 FIREBAG 13-10-95-6,1520,SUNCOR ENERGY INC.,STEAM ASSIS GRAVITY DRAIN,AB,DEVELOPMENT SERVICE,-110.895521,57.233679,-110.897005,57.222063
246,04/13-06-095-05W4/0,SUNCOR SAGD P3S5 STEEPBK 13-6-95-5,1689,SUNCOR ENERGY INC.,STEAM ASSIS GRAVITY DRAIN,AB,DEVELOPMENT,-110.816805,57.218012,-110.813529,57.230626
247,04/07-11-095-06W4/0,SUNCOR SAGD P7P4 FIREBAG 7-11-95-6,1530,SUNCOR ENERGY INC.,STEAM ASSIS GRAVITY DRAIN,AB,DEVELOPMENT,-110.855688,57.227421,-110.855721,57.215701
248,03/16-35-094-06W4/0,SUNCOR SAGD P2P10 FIREBAG 16-35-94-6,1618,SUNCOR ENERGY INC.,STEAM ASSIS GRAVITY DRAIN,AB,DEVELOPMENT,-110.843235,57.2038,-110.838579,57.215175
249,03/16-10-095-06W4/2,SUNCOR SAGD P5S5 FIREBAG 8-10-95-6,1560,SUNCOR ENERGY INC.,STEAM ASSIS GRAVITY DRAIN,AB,DEVELOPMENT SERVICE,-110.879955,57.233823,-110.881653,57.222021
250,03/15-36-094-06W4/0,SUNCOR SAGD P1P7 FIREBAG 15-36-94-6,1545,SUNCOR ENERGY INC.,STEAM ASSIS GRAVITY DRAIN,AB,DEVELOPMENT,-110.822073,57.203624,-110.824334,57.215156
251,03/13-35-094-06W4/0,SUNCOR SAGD P7P14 FIREBA 13-35-94-6,1596,SUNCOR ENERGY INC.,STEAM ASSIS GRAVITY DRAIN,AB,DEVELOPMENT,-110.860461,57.203797,-110.856548,57.215296
252,03/11-02-095-06W4/0,SUNCOR SAGD P8P9 FIREBAG 11-2-95-6,1149,SUNCOR ENERGY INC.,STEAM ASSIS GRAVITY DRAIN,AB,DEVELOPMENT,-110.860469,57.21564,-110.845119,57.215621
253,02/16-35-094-06W4/0,SUNCOR SAGD P2P9 FIREBAG 16-35-94-6,1527,SUNCOR ENERGY INC.,STEAM ASSIS GRAVITY DRAIN,AB,DEVELOPMENT,-110.840576,57.203759,-110.838181,57.215174
254,02/15-36-094-06W4/0,SUNCOR SAGD P1P6 FIREBAG 15-36-94-6,1634,SUNCOR ENERGY INC.,STEAM ASSIS GRAVITY DRAIN,AB,DEVELOPMENT,-110.819275,57.203647,-110.823937,57.215156
255,02/14-12-095-06W4/0,SUNCOR SAGD P3P10 STEEPBK 14-12-95-6,1672,SUNCOR ENERGY INC.,STEAM ASSIS GRAVITY DRAIN,AB,DEVELOPMENT,-110.836248,57.234185,-110.813723,57.231596
256,02/13-36-094-06W4/0,SUNCOR SAGD P2P7 FIREBAG 13-36-94-6,1532,SUNCOR ENERGY INC.,STEAM ASSIS GRAVITY DRAIN,AB,DEVELOPMENT,-110.835439,57.203786,-110.837585,57.215174
257,02/13-35-094-06W4/0,SUNCOR SAGD P7P13 FIREBA 13-35-94-6,1550,SUNCOR ENERGY INC.,STEAM ASSIS GRAVITY DRAIN,AB,DEVELOPMENT,-110.858969,57.203776,-110.856217,57.215296
258,02/13-10-095-06W4/0,SUNCOR SAGD P6P7 FIREBAG 13-10-95-6,1534,SUNCOR ENERGY INC.,STEAM ASSIS GRAVITY DRAIN,AB,DEVELOPMENT,-110.895506,57.233687,-110.897171,57.222063
259,02/07-12-095-06W4/0,SUNCOR SAGD P1S1 FIREBAG 7-12-95-6,1605,SUNCOR ENERGY INC.,STEAM ASSIS GRAVITY DRAIN,AB,DEVELOPMENT,-110.829862,57.227384,-110.825523,57.215876
260,00/16-35-094-06W4/0,SUNCOR SAGD P2P8 FIREBAG 16-35-94-6,1486,SUNCOR ENERGY INC.,STEAM ASSIS GRAVITY DRAIN,AB,DEVELOPMENT,-110.837936,57.203794,-110.837983,57.215174
261,00/14-10-095-06W4/2,SUNCOR SAGD P5P1 FIREBAG 6-10-95-6,1668,SUNCOR ENERGY INC.,STEAM ASSIS GRAVITY DRAIN,AB,DEVELOPMENT,-110.888932,57.233798,-110.883472,57.222022
262,00/13-35-094-06W4/0,SUNCOR SAGDP7S13 FIREBAG 13-35-94-6,1542,SUNCOR ENERGY INC.,STEAM ASSIS GRAVITY DRAIN,AB,DEVELOPMENT,-110.858982,57.203748,-110.856383,57.215296
263,00/13-10-095-06W4/0,SUNCOR SAGD P6P4 FIREBAG 13-10-95-6,1599,SUNCOR ENERGY INC.,STEAM ASSIS GRAVITY DRAIN,AB,DEVELOPMENT,-110.899942,57.233718,-110.897338,57.221664
264,00/12-03-095-06W4/0,SUNCOR SAGD P16P9 FIREBAG  12-3-95-6,1407,SUNCOR ENERGY INC.,STEAM ASSIS GRAVITY DRAIN,AB,DEVELOPMENT,-110.894144,57.216704,-110.912804,57.21837
265,00/08-12-095-06W4/0,SUNCOR SAGD P1P3 FIREBAG 8-12-95-6,1513,SUNCOR ENERGY INC.,STEAM ASSIS GRAVITY DRAIN,AB,DEVELOPMENT,-110.8246,57.227361,-110.824728,57.215875
266,00/03-11-095-06W4/2,SUNCOR SAGD P5P10 FIREBAG 1-10-95-6,1420,SUNCOR ENERGY INC.,STEAM ASSIS GRAVITY DRAIN,AB,DEVELOPMENT,-110.862236,57.22189,-110.881984,57.221617
267,00/02-08-095-06W4/0,SUNCOR SAGD P16P17 FIREBAG  2-8-95-6,1663,SUNCOR ENERGY INC.,STEAM ASSIS GRAVITY DRAIN,AB,DEVELOPMENT,-110.935644,57.22159,-110.913595,57.219179
268,08/01-10-095-06W4/0,SUNCOR SAGD P5P8 FIREBAG 1-10-95-6,506,SUNCOR ENERGY INC.,DRILLED AND CASED,AB,DEVELOPMENT,-110.877529,57.222447,-110.882315,57.222021
269,07/01-10-095-06W4/0,SUNCOR SAGD P5P10 FIREBAG 1-10-95-6,486,SUNCOR ENERGY INC.,DRILLED AND CASED,AB,DEVELOPMENT,-110.877529,57.2216,-110.881984,57.221617
270,04/16-03-095-06W4/0,SUNCOR SAGD P5P11 FIREBAG 16-3-95-6,531,SUNCOR ENERGY INC.,DRILLED AND CASED,AB,DEVELOPMENT,-110.877605,57.220714,-110.882316,57.221617
271,03/15-03-095-06W4/0,SUNCOR SAGD P5P15 FIREBAG 15-3-95-6,518,SUNCOR ENERGY INC.,DRILLED AND CASED,AB,DEVELOPMENT,-110.882243,57.219082,-110.882646,57.221617
272,03/08-10-095-06W4/0,SUNCOR SAGD P5S6 FIREBAG 8-10-95-6,579.3,SUNCOR ENERGY INC.,DRILLED AND CASED,AB,DEVELOPMENT,-110.87794,57.224576,-110.881321,57.22202
273,02/08-10-095-06W4/0,SUNCOR SAGD P5P7 FIREBAG 8-10-95-6,643,SUNCOR ENERGY INC.,DRILLED AND CASED,AB,DEVELOPMENT,-110.875821,57.224545,-110.88099,57.22202
274,00/15-03-095-06W4/0,SUNCOR SAGD P5P17 FIREBAG 15-3-95-6,586,SUNCOR ENERGY INC.,DRILLED AND CASED,AB,DEVELOPMENT,-110.886678,57.219097,-110.883142,57.221618
275,00/08-10-095-06W4/0,SUNCOR SAGD P5S5 FIREBAG 8-10-95-6,526,SUNCOR ENERGY INC.,DRILLED AND CASED,AB,DEVELOPMENT,-110.880002,57.22454,-110.881653,57.222021